,diffs,total_nums,robustness
vanilla_cf,40,143,0.7202797202797202
diverse_cf,101,143,0.29370629370629375
proto_cf,99,143,0.3076923076923077
vae_cf,112,143,0.21678321678321677
c_net_cf,2,143,0.986013986013986
